Village,Département,Région,Year,Placement,latitude,longitude
Saint-Cirq-Lapopie,Lot,Midi-Pyrénées,2012,1,44.4647712,1.6687454
Saint-Guilhem-le-Désert,Hérault,Languedoc-Roussillon,2012,2,43.734,3.54852
Barfleur,Manche,Basse-Normandie,2012,3,49.6706815,-1.2644272
Salers,Cantal,Auvergne,2012,4,45.1385878,2.4943427
Yvoire,Haute-Savoie,Rhône-Alpes,2012,5,46.3693298,6.3254513
Riquewihr,Haut-Rhin,Alsace,2012,6,48.1660766,7.298014
Beynac-et-Cazenac,Dordogne,Aquitaine,2012,7,44.8556037,1.1304516
Les Baux-de-Provence,Bouches-du-Rhône,Provence-Alpes-Côte d'Azur,2012,8,43.7436458,4.7950342
Collonges-la-Rouge,Corrèze,Limousin,2012,9,45.0604597,1.6551231
Maroilles,Nord,Nord-Pas-de-Calais,2012,10,50.1343582,3.7613855
Angles-sur-l'Anglin,Vienne,Poitou-Charentes,2012,11,46.6954779,0.8844304
Piana,Corse-du-Sud,Corse,2012,12,42.2388671,8.6370569
Saint-Suliac,Ille-et-Vilaine,Bretagne,2012,13,48.5699597,-1.9733807
Montsoreau,Maine-et-Loire,Pays de la Loire,2012,14,47.2160026,0.0572035
Baume-les-Messieurs,Jura,Franche-Comté,2012,15,46.7085571,5.646694
Rodemack,Moselle,Lorraine,2012,16,49.4692285,6.2366263
Gerberoy,Oise,Picardie,2012,17,49.5359126,1.8493913
Le Bec-Hellouin,Eure,Haute-Normandie,2012,18,49.2312413,0.7210184
Essoyes,Aube,Champagne-Ardenne,2012,19,48.0574547,4.5347248
Apremont-sur-Allier,Cher,Centre,2012,20,46.9063966,3.0475108
Vézelay,Yonne,Bourgogne,2012,21,47.4657306,3.746285
La Roche-Guyon,Val-d'Oise,Île-de-France,2012,22,49.0810715,1.6305766
Eguisheim,Haut-Rhin,Alsace,2013,1,48.0447968,7.3079618
Locronan,Finistère,Bretagne,2013,2,48.0984894,-4.2077026
Sainte-Suzanne,Mayenne,Pays de la Loire,2013,3,48.1020178,-0.366835
Pérouges,Ain,Rhône-Alpes,2013,4,45.903428,5.1794607
Conques,Aveyron,Midi-Pyrénées,2013,5,44.5995543,2.3981666
Veules-les-Roses,Seine-Maritime,Haute-Normandie,2013,6,49.8722029,0.7990652
Talmont-sur-Gironde,Charente-Maritime,Poitou-Charentes,2013,7,45.5350413,-0.9072627
Flavigny-sur-Ozerain,Côte-d'Or,Bourgogne,2013,8,47.5115497,4.5305141
Turenne,Corrèze,Limousin,2013,9,45.053482,1.5814221
Moustiers-Sainte-Marie,Alpes-de-Haute-Provence,Provence-Alpes-Côte d'Azur,2013,10,43.8460089,6.2217604
Blesle,Haute-Loire,Auvergne,2013,11,45.3189631,3.1696593
Parfondeval,Aisne,Picardie,2013,12,49.7393774,4.1586172
Wissant,Pas-de-Calais,Nord-Pas-de-Calais,2013,13,50.8853828,1.6629024
Espelette,Pyrénées-Atlantiques,Aquitaine,2013,14,43.3411726,-1.448083
Pesmes,Haute-Saône,Franche-Comté,2013,15,47.2796,5.56743
Villefranche-de-Conflent,Pyrénées-Orientales,Languedoc-Roussillon,2013,16,42.5873137,2.3673177
Corbara,Haute-Corse,Corse,2013,17,42.613746,8.9061013
Lavardin,Loir-et-Cher,Centre,2013,18,47.7416956,0.8850628
Saint-Amand-sur-Fion,Marne,Champagne-Ardenne,2013,19,48.810394,4.6080101
La Perrière,Orne,Basse-Normandie,2013,20,48.4041,0.4467584
Saint-Quirin,Moselle,Lorraine,2013,21,48.6093971,7.0657188
Maincy,Seine-et-Marne,Île-de-France,2013,22,48.5493671,2.6988855
Cordes-sur-Ciel,Tarn,Midi-Pyrénées,2014,1,44.0626,1.95799
Andlau,Bas-Rhin,Alsace,2014,2,48.3865215,7.4177354
Chambon-sur-Voueize,Creuse,Limousin,2014,3,46.1886294,2.425828
Sauzon,Morbihan,Bretagne,2014,4,47.3711688,-3.221511
Antraigues-sur-Volane,Ardèche,Rhône-Alpes,2014,5,44.7450302,4.3537837
Étretat,Seine-Maritime,Haute-Normandie,2014,6,49.7074621,0.2031905
Noyers,Yonne,Bourgogne,2014,7,47.6957055,3.9955476
Vouvant,Vendée,Pays de la Loire,2014,8,46.5720909,-0.7698865
Gourdon,Alpes-Maritimes,Provence-Alpes-Côte d'Azur,2014,9,43.7195336,6.9787811
Beuvron-en-Auge,Calvados,Basse-Normandie,2014,10,49.1878748,-0.0460321
Château-Chalon,Jura,Franche-Comté,2014,11,46.7547194,5.6269716
Charroux,Allier,Auvergne,2014,12,46.1846945,3.1602582
Sebourg,Nord,Nord-Pas-de-Calais,2014,13,50.3424013,3.6459328
Septmonts,Aisne,Picardie,2014,14,49.3344444,3.3577778
Saint-Benoît-du-Sault,Indre,Centre,2014,15,46.4404615,1.3903004
Labastide-d'Armagnac,Landes,Aquitaine,2014,16,43.9696038,-0.1855262
Châteauvillain,Haute-Marne,Champagne-Ardenne,2014,17,48.036222,4.9175196
Sainte-Enimie,Lozère,Languedoc-Roussillon,2014,18,44.3661054,3.4104994
Arçais,Deux-Sèvres,Poitou-Charentes,2014,19,46.2966361,-0.6915028
Grez-sur-Loing,Seine-et-Marne,Île-de-France,2014,20,48.3174256,2.6885676
Pigna,Haute-Corse,Corse,2014,21,42.5989942,8.9029386
Marville,Meuse,Lorraine,2014,22,49.4547462,5.4592206
Ploumanac'h,Côtes-d'Armor,Bretagne,2015,1,48.8317817,-3.4844446
Montrésor,Indre-et-Loire,Centre-Val de Loire,2015,2,47.1566605,1.2016534
Saint-Antonin-Noble-Val,Tarn-et-Garonne,Midi-Pyrénées,2015,3,44.1527778,1.7558333
Barbizon,Seine-et-Marne,Île-de-France,2015,4,48.4447386,2.6064391
Terdeghem,Nord,Nord-Pas-de-Calais,2015,5,50.7987498,2.5401843
Bonneval-sur-Arc,Savoie,Rhône-Alpes,2015,6,45.3716864,7.0467945
Castelnou,Pyrénées-Orientales,Languedoc-Roussillon,2015,7,42.6195205,2.7031011
Ferrette,Haut-Rhin,Alsace,2015,8,47.4944546,7.3141424
Ault,Somme,Picardie,2015,9,50.1015635,1.4473006
Moutier-d'Ahun,Creuse,Limousin,2015,10,46.0913154,2.0546763
Saint-Émilion,Gironde,Aquitaine,2015,11,44.8931452,-0.1560662
Ars-en-Ré,Charente-Maritime,Poitou-Charentes,2015,12,46.208056,-1.515833
Tourtour,Var,Provence-Alpes-Côte d'Azur,2015,13,43.5893631,6.3021924
Solutré-Pouilly,Saône-et-Loire,Bourgogne,2015,14,46.2968704,4.7246736
Saint-Céneri-le-Gérei,Orne,Basse-Normandie,2015,15,48.3797405,-0.0526202
Trentemoult,Loire-Atlantique,Pays de la Loire,2015,16,47.1943161,-1.5823485
Saint-Nectaire,Puy-de-Dôme,Auvergne,2015,17,45.5885273,2.9924563
Fénétrange,Moselle,Lorraine,2015,18,48.8483309,7.0196953
Lyons-la-Forêt,Eure,Haute-Normandie,2015,19,49.3989972,1.4768236
Lods,Doubs,Franche-Comté,2015,20,47.045525,6.2478258
Mussy-sur-Seine,Aube,Champagne-Ardenne,2015,21,47.9775941,4.4975367
Centuri,Haute-Corse,Corse,2015,22,42.9605846,9.3682432
Rochefort-en-Terre,Morbihan,Bretagne,2016,1,47.6990598,-2.3372563
Montreuil-sur-Mer,Pas-de-Calais,Hauts-de-France,2016,2,50.4638918,1.7631125
Rocamadour,Lot,Occitanie,2016,3,44.7995467,1.6181714
Arbois,Jura,Bourgogne-Franche-Comté,2016,4,46.9032246,5.7727504
Vogüé,Ardèche,Auvergne-Rhône-Alpes,2016,5,44.5497298,4.4156504
Nonza,Haute-Corse,Corse,2016,6,42.7844061,9.3445863
Gordes,Vaucluse,Provence-Alpes-Côte d'Azur,2016,7,43.9110641,5.2002043
Varengeville-sur-Mer,Seine-Maritime,Normandie,2016,8,49.9046335,1.0021825
Béhuard,Maine-et-Loire,Pays de la Loire,2016,9,47.3792709,-0.6440124
Sare,Pyrénées-Atlantiques,Nouvelle-Aquitaine,2016,10,43.3129609,-1.5793011
Plombières-les-Bains,Vosges,Grand Est,2016,11,47.9641254,6.4564439
Candes-Saint-Martin,Indre-et-Loire,Centre-Val de Loire,2016,12,47.2108623,0.0743907
Courances,Essonne,Île-de-France,2016,13,48.4401438,2.47554
Kaysersberg,Haut-Rhin,Grand Est,2017,1,48.1571873,7.241094
Saint-Valery-sur-Somme,Somme,Hauts-de-France,2017,2,50.1887006,1.6279147
La Roque-Gageac,Dordogne,Nouvelle-Aquitaine,2017,3,44.8255441,1.1834985
Moncontour,Côtes-d'Armor,Bretagne,2017,4,48.3594234,-2.6336911
Piriac-sur-Mer,Loire-Atlantique,Pays de la Loire,2017,5,47.3805342,-2.5479201
Bellême,Orne,Normandie,2017,6,48.3753612,0.5629418
Lourmarin,Vaucluse,Provence-Alpes-Côte d'Azur,2017,7,43.7755825,5.3515561
Sant'Antonino,Haute-Corse,Corse,2017,8,42.5889008,8.9049886
Lagrasse,Aude,Occitanie,2017,9,43.0904411,2.6207564
Bèze,Côte d'Or,Bourgogne-Franche-Comté,2017,10,47.4673513,5.2703892
La Garde-Adhémar,Drôme,Auvergne-Rhône-Alpes,2017,11,44.3931157,4.7535439
Gargilesse-Dampierre,Indre,Centre-Val de Loire,2017,12,46.5130197,1.5966882
Montchauvet,Yvelines,Île-de-France,2017,13,48.8916714,1.6312232
Cassel,Nord,Hauts-de-France,2018,1,50.8000011,2.4868314
Mittelbergheim,Bas-Rhin,Grand Est,2018,2,48.3966676,7.4425002
Roussillon,Vaucluse,Provence-Alpes-Côte d'Azur,2018,3,43.9024768,5.2920876
Hell-Bourg,La Réunion,Outre-mer,2018,4,-21.0641993,55.5222564
Le Mont-Saint-Michel,Manche,Normandie,2018,5,48.6355232,-1.5102571
Île-de-Sein,Finistère,Bretagne,2018,6,48.037975,-4.8522495
Monpazier,Dordogne,Nouvelle-Aquitaine,2018,7,44.67998,0.89374
Janvry,Essonne,Île-de-France,2018,8,48.6479601,2.153771
La Couvertoirade,Aveyron,Occitanie,2018,9,43.9135013,3.3164627
Lama,Haute-Corse,Corse,2018,10,42.5767128,9.1717394
Asnières-sur-Vègre,Sarthe,Pays de la Loire,2018,11,47.888604,-0.2346437
Yèvre-le-Châtel,Loiret,Centre-Val de Loire,2018,12,48.1617029,2.3318033
Mirmande,Drôme,Auvergne-Rhône-Alpes,2018,13,44.698387,4.8360583
Semur-en-Brionnais,Saône-et-Loire,Bourgogne-Franche-Comté,2018,14,46.2632756,4.0898917
Saint-Vaast-la-Hougue,Manche,Normandie,2019,1,49.5877016,-1.2662184
Pont-Croix,Finistère,Bretagne,2019,2,48.0409459,-4.4879445
Terre-de-Haut,Guadeloupe,Outre-mer,2019,3,15.8680707,-61.5821543
Lauzerte,Tarn-et-Garonne,Occitanie,2019,4,44.2565123,1.1383233
Mouthier-Haute-Pierre,Doubs,Bourgogne-Franche-Comté,2019,5,47.0399868,6.2752531
Cotignac,Var,Provence-Alpes-Côte d'Azur,2019,6,43.5280531,6.1502672
Souvigny,Allier,Auvergne-Rhône-Alpes,2019,7,46.5342378,3.1924435
Les Riceys,Aube,Grand Est,2019,8,47.9944982,4.3657721
Bourron-Marlotte,Seine-et-Marne,Île-de-France,2019,9,48.3408614,2.7056355
Frazé,Eure-et-Loir,Centre-Val de Loire,2019,10,48.2627631,1.0996103
La Ferté-Milon,Aisne,Hauts-de-France,2019,11,49.1776527,3.1247707
Mornac-sur-Seudre,Charente-Maritime,Nouvelle-Aquitaine,2019,12,45.7090902,-1.0288487
Erbalunga,Haute-Corse,Corse,2019,13,42.7739502,9.4761301
Le Thoureil,Maine-et-Loire,Pays de la Loire,2019,14,47.3686301,-0.2767402
Hunspach,Bas-Rhin,Grand Est,2020,1,48.9533839,7.941627
Les Anses-d'Arlet,Martinique,Outre-mer,2020,2,14.4913595,-61.0787615
Ménerbes,Vaucluse,Provence-Alpes-Côte d'Azur,2020,3,43.8321696,5.206383
Pont-Aven,Finistère,Bretagne,2020,4,47.85474,-3.7462556
Pierrefonds,Oise,Hauts-de-France,2020,5,49.3474567,2.9781976
Batz-sur-Mer,Loire-Atlantique,Pays de la Loire,2020,6,47.2771383,-2.4791931
Trôo,Loir-et-Cher,Centre-Val de Loire,2020,7,47.7763774,0.7920742
Montpeyroux,Puy-de-Dôme,Auvergne-Rhône-Alpes,2020,8,45.622579,3.2046915
Montfort-l'Amaury,Yvelines,Île-de-France,2020,9,48.779142,1.8070765
Chablis,Yonne,Bourgogne-Franche-Comté,2020,10,47.8152073,3.8001657
Aubeterre-sur-Dronne,Charente,Nouvelle-Aquitaine,2020,11,45.2712672,0.1697803
Saint-Bertrand-de-Comminges,Haute-Garonne,Occitanie,2020,12,43.0269283,0.5709114
Giverny,Eure,Normandie,2020,13,49.0766185,1.5290285
Cargèse,Corse-du-Sud,Corse,2020,14,42.13436,8.59422
Sancerre,Cher,Centre-Val de Loire,2021,1,47.3306906,2.8390454
Fresnay-sur-Sarthe,Sarthe,Pays de la Loire,2021,2,48.2807744,0.0222512
Hérisson,Allier,Auvergne-Rhône-Alpes,2021,3,46.5082,2.71241
Auvillar,Tarn-et-Garonne,Occitanie,2021,4,44.0706271,0.8995199
La Désirade,Guadeloupe,Outre-mer,2021,5,16.3200377,-61.0482691
Domme,Dordogne,Nouvelle-Aquitaine,2021,6,44.8022673,1.2140018
Rocroi,Ardennes,Grand Est,2021,7,49.925032,4.5204519
Long,Somme,Hauts-de-France,2021,8,50.039326,1.9793659
Villerville,Calvados,Normandie,2021,9,49.4016667,0.1294444
Saint-Véran,Hautes-Alpes,Provence-Alpes-Côte d'Azur,2021,10,44.7004182,6.8681631
Île-d'Houat,Morbihan,Bretagne,2021,11,47.38995,-2.9552112
Châteauneuf,Côte-d'Or,Bourgogne-Franche-Comté,2021,12,47.2186075,4.6400486
Saint-Florent,Haute-Corse,Corse,2021,13,42.681295,9.3024991
Samois-sur-Seine,Seine-et-Marne,Île-de-France,2021,14,48.4537449,2.7496865
Bergheim,Haut-Rhin,Grand Est,2022,1,48.2056672,7.3621755
Hesdin,Pas-de-Calais,Hauts-de-France,2022,2,50.3738146,2.0389816
Quintin,Côtes-d'Armor,Bretagne,2022,3,48.4036054,-2.9112669
Le Malzieu-Ville,Lozère,Occitanie,2022,4,44.8550632,3.3305805
Dieulefit,Drôme,Auvergne-Rhône-Alpes,2022,5,44.5236962,5.0663637
La Bouille,Seine-Maritime,Normandie,2022,6,49.3521374,0.9302786
Saint-Sulpice-de-Favières,Essonne,Île-de-France,2022,7,48.5412528,2.1785219
La Grave,Hautes-Alpes,Provence-Alpes-Côte d'Azur,2022,8,45.0454525,6.3067223
Saint-Sauveur-en-Puisaye,Yonne,Bourgogne-Franche-Comté,2022,9,47.6181326,3.1975937
Levroux,Indre,Centre-Val de Loire,2022,10,46.9786181,1.611568
Saül,Guyane,Outre-mer,2022,11,3.6225597,-53.210934
Ainhoa,Pyrénées-Atlantiques,Nouvelle-Aquitaine,2022,12,43.3067215,-1.4988117
Pino,Haute-Corse,Corse,2022,13,42.9080677,9.3518043
Port-Joinville,Vendée,Pays de la Loire,2022,14,46.7266141,-2.3508637
Esquelbecq,Nord,Hauts-de-France,2023,1,50.8862129,2.4309131
Lavoûte-Chilhac,Haute-Loire,Auvergne-Rhône-Alpes,2023,2,45.1476011,3.4024621
Lassay-les-Châteaux,Mayenne,Pays de la Loire,2023,3,48.4377412,-0.4966272
Druyes-les-Belles-Fontaines,Yonne,Bourgogne-Franche-Comté,2023,4,47.5479763,3.4209038
Hattonchâtel,Meuse,Grand Est,2023,5,48.9944072,5.6779041
Pontrieux,Côtes-d'Armor,Bretagne,2023,6,48.6972419,-3.1629787
Belcastel,Aveyron,Occitanie,2023,7,44.388512,2.3368093
Beaumont-en-Auge,Calvados,Normandie,2023,8,49.2782545,0.1109445
Beaulieu-lès-Loches,Indre-et-Loire,Centre-Val de Loire,2023,9,47.1277217,1.0121003
Belvès,Dordogne,Nouvelle-Aquitaine,2023,10,44.7460713,0.9751867
Entre-Deux,La Réunion,Outre-mer,2023,11,-21.2486585,55.4700859
Flagy,Seine-et-Marne,Île-de-France,2023,12,48.3130745,2.9214184
Saintes-Maries-de-la-Mer,Bouches-du-Rhône,Provence-Alpes-Côte d'Azur,2023,13,43.4515922,4.4277202
Lumio,Haute-Corse,Corse,2023,14,42.5790571,8.833802
Collioure,Pyrénées-Orientales,Occitanie,2024,1,42.52505,3.0831554
Mers-les-Bains,Somme,Hauts-de-France,2024,2,50.0656442,1.3892492
Villeréal,Lot-et-Garonne,Nouvelle-Aquitaine,2024,3,44.6372843,0.742977
Deshaies,Guadeloupe,Outre-mer,2024,4,16.3061627,-61.7938974
Monthermé,Ardennes,Grand Est,2024,5,49.8843041,4.7391751
Sallertaine,Vendée,Pays de la Loire,2024,6,46.8594295,-1.9588101
Ry,Seine-Maritime,Normandie,2024,7,49.4711669,1.3431323
Gassin,Var,Provence-Alpes-Côte d'Azur,2024,8,43.2291533,6.585476
Île-Tudy,Finistère,Bretagne,2024,9,47.8427124,-4.1679541
Cléron,Doubs,Bourgogne-Franche-Comté,2024,10,47.087161,6.0587457
Grignan,Drôme,Auvergne-Rhône-Alpes,2024,11,44.4205,4.90993
Thomery,Seine-et-Marne,Île-de-France,2024,12,48.4090286,2.784838
Saint-Dyé-sur-Loire,Loir-et-Cher,Centre-Val de Loire,2024,13,47.65568,1.491863
Aregno,Haute-Corse,Corse,2024,14,42.5806925,8.8944264
Saint Antoine l'Abbaye,Isère,Auvergne-Rhône-Alpes,2025,1,45.1741,5.21699
Malestroit,Morbihan,Bretagne,2025,2,47.8099517,-2.3830664
Semur-en-Auxois,Côte-d'Or,Bourgogne-Franche-Comté,2025,3,47.4902149,4.3328705
Beaulieu-sur-Dordogne,Corrèze,Nouvelle-Aquitaine,2025,4,44.9782193,1.8377313
Clécy,Calvados,Normandie,2025,5,48.9161569,-0.4822435
Sierck-les-Bains,Moselle,Grand Est,2025,6,49.4424219,6.3600772
Grand'Rivière,Martinique,Outre-mer,2025,7,14.8470299,-61.1798513
Ferrières-en-Gâtinais,Loiret,Centre-Val de Loire,2025,8,48.0927506,2.7946987
Longpont,Aisne,Hauts-de-France,2025,9,49.2731771,3.2201765
Lupiac,Gers,Occitanie,2025,10,43.6818164,0.1816636
Fontevraud-l'Abbaye,Maine-et-Loire,Pays de la Loire,2025,11,47.1818252,0.0498617
Calcatoggio,Corse-du-Sud,Corse,2025,12,42.0306996,8.759428
Saorge,Alpes-Maritimes,Provence-Alpes-Côte d'Azur,2025,13,43.9883763,7.5518419
Rochefort-en-Yvelines,Yvelines,Île-de-France,2025,14,48.5872266,1.9878964
Bormes-les-Mimosas,Var,Provence-Alpes-Côte d'Azur,2026,1,43.1506968,6.3419285
Dambach-la-Ville,Bas-Rhin,Grand Est,2026,2,48.3236645,7.424953
Locquirec,Finistère,Bretagne,2026,3,48.68943,-3.6540861
Saulges,Mayenne,Pays de la Loire,2026,4,47.9825492,-0.4070595
Marcolès,Cantal,Auvergne-Rhône-Alpes,2026,5,44.7820842,2.3529563
Nolay,Côte-d'Or,Bourgogne-Franche-Comté,2026,6,46.9517254,4.6333364
Blangy-le-Château,Calvados,Normandie,2026,7,49.245,0.2744444
Saint-Martin-de-Londres,Hérault,Occitanie,2026,8,43.7914507,3.7329918
Chaumont-en-Vexin,Oise,Hauts-de-France,2026,9,49.2625682,1.8821405
La Ferté-Vidame,Eure-et-Loir,Centre-Val de Loire,2026,10,48.612001,0.9013882
La Flotte,Charente-Maritime,Nouvelle-Aquitaine,2026,11,46.1829137,-1.3183963
Vescovato,Haute-Corse,Corse,2026,12,42.5123149,9.4672475
Cacao,Guyane,Outre-mer,2026,13,4.5717259,-52.4702995
Dampierre-en-Yvelines,Yvelines,Île-de-France,2026,14,48.7050057,1.9856176
